name,kurtosis_music,skew_music,mean_music,sd_music,zero_crossing,zero_crossing_mean,zero_crossing_sd,spectral_centroids_mean,spectral_centroids_sd,spectral_rolloff_mean,spectral_rolloff_sd,mfccs1_mean,mfccs1_sd,mfccs2_mean,mfccs2_sd,mfccs3_mean,mfccs3_sd,mfccs4_mean,mfccs4_sd,mfccs5_mean,mfccs5_sd,mfccs6_mean,mfccs6_sd,mfccs7_mean,mfccs7_sd,mfccs8_mean,mfccs8_sd,mfccs9_mean,mfccs9_sd,mfccs10_mean,mfccs10_sd,mfccs11_mean,mfccs11_sd,mfccs12_mean,mfccs12_sd,mfccs13_mean,mfccs13_sd,mfccs14_mean,mfccs14_sd,mfccs15_mean,mfccs15_sd,mfccs16_mean,mfccs16_sd,mfccs17_mean,mfccs17_sd,mfccs18_mean,mfccs18_sd,mfccs19_mean,mfccs19_sd,mfccs20_mean,mfccs20_sd,spectral_bandwidth_2_mean,spectral_bandwidth_3_mean,spectral_bandwidth_4_mean,spectral_bandwidth_2_sd,spectral_bandwidth_3_sd,spectral_bandwidth_4_sd,chroma_stft1_mean,chroma_stft1_sd,chroma_stft2_mean,chroma_stft2_sd,chroma_stft3_mean,chroma_stft3_sd,chroma_stft4_mean,chroma_stft4_sd,chroma_stft5_mean,chroma_stft5_sd,chroma_stft6_mean,chroma_stft6_sd,chroma_stft7_mean,chroma_stft7_sd,chroma_stft8_mean,chroma_stft8_sd,chroma_stft9_mean,chroma_stft9_sd,chroma_stft10_mean,chroma_stft10_sd,chroma_stft11_mean,chroma_stft11_sd,chroma_stft12_mean,chroma_stft12_sd
./processed_music/classic_vivaldi_1.wav,1.1937448666243657,-0.03066440485417843,-3.156634647893952e-06,0.04118857905268669,70774,0.08017245676120222,0.271560000622469,1549.1326303183985,371.57612883188614,2898.868461277174,676.1607801181866,-259.968017578125,76.85535430908203,129.30673217773438,23.252586364746094,-22.197729110717773,11.9135160446167,19.983108520507812,7.310575485229492,3.2634902000427246,6.314406871795654,1.3891675472259521,5.987091064453125,-4.053889751434326,6.63555383682251,4.694886684417725,7.061651229858398,1.0843948125839233,6.700058937072754,6.242761611938477,7.309597015380859,-1.2458183765411377,7.8274149894714355,3.456338882446289,7.404044151306152,-0.11858009546995163,7.9540696144104,5.676817417144775,8.366721153259277,1.5658867359161377,8.26174259185791,2.319599151611328,6.351577281951904,-4.377799987792969,7.197537422180176,0.29203924536705017,6.5435261726379395,-0.811799168586731,7.425164222717285,9.24217414855957,8.930122375488281,1757.6276585459148,2427.028787034055,3072.7395379983927,257.1318312952901,296.31787575012106,336.4756366039648,0.5286774635314941,0.3758414089679718,0.2871970236301422,0.22483234107494354,0.3151046335697174,0.3409464359283447,0.17828050255775452,0.18162398040294647,0.24178244173526764,0.28128981590270996,0.22620537877082825,0.29909631609916687,0.21459037065505981,0.20961998403072357,0.39982619881629944,0.3653460741043091,0.2034190446138382,0.18871478736400604,0.21567443013191223,0.28907832503318787,0.18900956213474274,0.21664519608020782,0.38879960775375366,0.3120199739933014
./processed_music/classic_vivaldi_3.wav,1.1317739569739933,0.0252568107098341,1.023204458761029e-05,0.04288123548030853,68549,0.07764424710599642,0.2676109452121482,1470.8952302602652,369.294871674373,2738.7987432065215,795.0889408295952,-278.12060546875,103.8485336303711,128.50057983398438,24.126096725463867,-20.318368911743164,19.930641174316406,22.06218147277832,9.267476081848145,3.3960652351379395,8.381709098815918,1.7677514553070068,8.274784088134766,-1.29762864112854,7.960762023925781,5.872635841369629,6.191858291625977,2.648913860321045,7.815196514129639,6.458383083343506,7.365869045257568,-0.6583065390586853,8.23957347869873,3.4993679523468018,6.996449947357178,0.08858157694339752,8.6570405960083,6.080488204956055,8.414225578308105,3.582073211669922,8.424816131591797,2.0753016471862793,7.369572162628174,-4.270079135894775,7.976634502410889,0.18061020970344543,7.692605018615723,-0.8301451206207275,7.467747211456299,5.7458391189575195,8.788969993591309,1691.1525628832592,2365.4820267069476,3019.7742544769526,279.4472082550371,265.3250665546239,252.17312719250342,0.49509432911872864,0.4093228876590729,0.2969755530357361,0.24573685228824615,0.32355910539627075,0.3479284346103668,0.16881011426448822,0.1847587376832962,0.1929568201303482,0.231963649392128,0.1984812319278717,0.28088849782943726,0.19388197362422943,0.19558198750019073,0.4036000370979309,0.3824796676635742,0.19238699972629547,0.16473107039928436,0.2540661096572876,0.2957956790924072,0.19456766545772552,0.2055480182170868,0.3273015022277832,0.29930830001831055
./processed_music/classic_vivaldi_2.wav,1.5891144623309161,0.011271378956735134,4.190727395325666e-06,0.03267451748251915,61948,0.0700445948023989,0.25522215723045416,1413.0020867389112,237.03938900101159,2632.5337727864585,466.51490680333734,-279.3872375488281,44.417564392089844,138.60958862304688,13.882484436035156,-14.951942443847656,10.61232852935791,19.72447395324707,6.692392349243164,3.442361831665039,6.385584354400635,1.3308418989181519,6.228281021118164,-3.460984468460083,5.878108024597168,4.193212509155273,6.282479286193848,1.6652477979660034,6.891308784484863,6.353628158569336,6.9974284172058105,-2.681614875793457,6.789820671081543,1.144911766052246,7.361351013183594,-1.4551595449447632,7.166916370391846,4.662446022033691,6.8147454261779785,2.2338671684265137,6.944820880889893,4.161571502685547,7.506796360015869,-0.9453465342521667,8.050697326660156,2.692992687225342,6.380138874053955,-3.990473508834839,6.744460582733154,0.337045282125473,8.062450408935547,1741.425332141396,2447.7935339669875,3120.3042554386684,202.17902069778538,213.37477431023254,213.81008058790928,0.25465166568756104,0.31537967920303345,0.2282399982213974,0.2391684502363205,0.31042197346687317,0.3495236337184906,0.19411689043045044,0.19390147924423218,0.2435641586780548,0.2876274883747101,0.1968565583229065,0.24377653002738953,0.19527719914913177,0.23931241035461426,0.21011236310005188,0.2487744390964508,0.2942745089530945,0.25093501806259155,0.5157246589660645,0.3733297288417816,0.2954343557357788,0.26517394185066223,0.2285144180059433,0.2625274062156677
./processed_music/classic_vivaldi_6.wav,2.6255707619376762,-0.03916311636567116,-5.643346412398387e-07,0.04402706399559975,57262,0.06503342983142552,0.24658483902256953,1379.5429779924007,359.60552239515965,2619.0509459029795,725.1856217008226,-303.1338806152344,78.036376953125,136.25344848632812,20.63617706298828,-15.753463745117188,14.347970962524414,19.807140350341797,8.464770317077637,2.187191963195801,7.466162204742432,-0.45644253492355347,8.354559898376465,-2.28406023979187,7.694996356964111,7.084966659545898,7.875341415405273,7.4397358894348145,7.157511234283447,12.438523292541504,8.073771476745605,4.540637016296387,9.163749694824219,5.3781418800354,10.222570419311523,1.5212045907974243,10.758448600769043,4.8793463706970215,8.893487930297852,1.49237859249115,8.63283634185791,3.1441469192504883,6.920113563537598,-0.10029509663581848,7.146989822387695,1.9479384422302246,7.303753852844238,-0.7371335029602051,9.895556449890137,6.566335678100586,9.783050537109375,1673.4150584221343,2356.174406222306,3017.8961735799453,284.0860841537543,290.2297960444788,282.74333021925844,0.45681366324424744,0.38525834679603577,0.3454967737197876,0.25266462564468384,0.39564621448516846,0.3279876410961151,0.18674392998218536,0.13660307228565216,0.23576343059539795,0.26593807339668274,0.20014861226081848,0.2628921866416931,0.19561432301998138,0.19454993307590485,0.3823395371437073,0.35398373007774353,0.21648164093494415,0.1365959644317627,0.328715980052948,0.32279953360557556,0.2912536859512329,0.24553892016410828,0.41291531920433044,0.3157650828361511
./processed_music/classic_vivaldi_7.wav,5.466393469015532,-0.09006873518228531,-1.0871555787161924e-05,0.042839448899030685,87642,0.09934740987352877,0.29912790245135923,1777.212352176561,373.05539243284915,3429.830826407519,648.9913060292458,-272.27105712890625,77.36662292480469,117.51624298095703,22.003292083740234,-27.946531295776367,10.741303443908691,33.22905349731445,6.723536968231201,-6.7483673095703125,10.383354187011719,-6.095868110656738,8.136860847473145,-6.887162685394287,7.306865692138672,0.0269072987139225,6.151142597198486,3.5248589515686035,8.63248348236084,1.3282755613327026,8.251283645629883,-5.638438701629639,8.003898620605469,-7.31448221206665,8.428805351257324,-16.331010818481445,10.062219619750977,-3.237635850906372,7.125576972961426,-0.6705464720726013,7.138209342956543,6.687493324279785,5.994801044464111,0.8303285241127014,5.668003082275391,3.4050655364990234,6.61668586730957,-5.430302619934082,7.869534015655518,-4.244132041931152,8.693822860717773,1811.20519767547,2389.8109593781005,2977.76303681086,199.06478166276025,193.1707302961107,192.82992816191802,0.2357928305864334,0.2633861005306244,0.1060066819190979,0.13051685690879822,0.08914835005998611,0.1691819429397583,0.09905403107404709,0.11949417740106583,0.36624443531036377,0.2830284833908081,0.5307614207267761,0.35082775354385376,0.22219623625278473,0.14747747778892517,0.25313475728034973,0.3243020176887512,0.21840786933898926,0.15034247934818268,0.5987153649330139,0.3633156418800354,0.34608203172683716,0.3195180594921112,0.15653559565544128,0.18371286988258362
./processed_music/classic_vivaldi_5.wav,2.833614831793997,0.036101337522268295,-6.9242641984601505e-06,0.029565012082457542,55671,0.06301509414740988,0.24299010691178963,1335.1807818277293,340.1258741991267,2465.5829472724145,694.7278260915588,-339.96502685546875,97.61701965332031,134.4574737548828,24.83980369567871,-12.642175674438477,19.35291862487793,18.079639434814453,8.562963485717773,3.0336172580718994,7.827566623687744,1.2988598346710205,8.052765846252441,-3.6875152587890625,7.930294036865234,5.302186489105225,7.058895111083984,6.224874019622803,6.812629222869873,9.332653045654297,6.424478530883789,2.6519923210144043,6.890378952026367,6.941299915313721,9.320267677307129,3.7943685054779053,9.488470077514648,7.793613910675049,7.242532253265381,4.419146537780762,6.894045352935791,2.31054949760437,7.75506067276001,-4.5164055824279785,6.524364471435547,-0.1324761062860489,5.826142311096191,1.3741339445114136,6.712264537811279,5.32607364654541,8.38447380065918,1623.067766595345,2332.264026469496,3010.9736740557973,277.3737208464633,274.89865854057103,269.2394074131786,0.3808085322380066,0.3677400052547455,0.2836120128631592,0.2236117571592331,0.5920243859291077,0.3521038591861725,0.25285133719444275,0.18063294887542725,0.22519251704216003,0.30541637539863586,0.18579132854938507,0.2599457800388336,0.25891345739364624,0.24536451697349548,0.4585372805595398,0.3588228225708008,0.24426431953907013,0.2108077108860016,0.23081108927726746,0.25509482622146606,0.2313508242368698,0.21055389940738678,0.49353477358818054,0.33459168672561646
./processed_music/classic_vivaldi_4.wav,5.603441433696943,0.12005911022424698,-4.348903985373909e-06,0.034531328827142715,79375,0.0901362803780557,0.28637690433703666,1598.6565228053012,300.56228393075276,3141.556623591933,553.7191914996946,-323.56396484375,56.39595031738281,123.1414794921875,18.54191017150879,-17.946895599365234,9.985013008117676,27.113554000854492,7.244157791137695,3.7979896068573,7.961700916290283,0.5503634214401245,8.81938362121582,0.4215048849582672,9.418044090270996,4.150415897369385,8.89822769165039,6.892178535461426,8.505640029907227,12.285823822021484,9.271644592285156,3.6209115982055664,10.385591506958008,4.515832901000977,13.317864418029785,-1.1763142347335815,12.815937995910645,-1.0067665576934814,10.434967041015625,-2.0165882110595703,7.775269508361816,1.5816595554351807,7.826415538787842,0.4566328823566437,9.385636329650879,-0.5207627415657043,8.894404411315918,-10.361144065856934,8.719047546386719,4.833920955657959,12.252507209777832,1800.137868837706,2431.65499227018,3059.7513651204295,218.32979851439427,223.74219570492338,219.0207141387611,0.31998392939567566,0.33401840925216675,0.2048885077238083,0.23718522489070892,0.24373288452625275,0.2928568124771118,0.18092143535614014,0.15447883307933807,0.4082849621772766,0.3291598856449127,0.521915853023529,0.4000092148780823,0.16818034648895264,0.16067630052566528,0.14161799848079681,0.212795689702034,0.12892696261405945,0.1248067244887352,0.31261926889419556,0.3193223476409912,0.22921118140220642,0.28624120354652405,0.2305992990732193,0.27800941467285156
./processed_music/rock_abba_3.wav,3.105218846206081,-0.07974103838205338,-0.0017905266722664237,0.0981077328324318,144125,0.1635642885676932,0.369879726496381,3000.174776219858,874.559982836663,5951.598525628811,1617.347500288719,-117.64289093017578,63.54237747192383,60.77978515625,26.632568359375,-11.048530578613281,28.807355880737305,35.999935150146484,13.608407020568848,3.103564500808716,10.108654022216797,14.146096229553223,9.890729904174805,4.741554260253906,9.61208438873291,7.315752029418945,8.586459159851074,2.976001739501953,7.951998710632324,8.445831298828125,7.705528736114502,-1.9698749780654907,8.309980392456055,8.683733940124512,7.433797359466553,-3.9766669273376465,6.879531383514404,7.905360698699951,6.856921672821045,-4.537750244140625,7.6736650466918945,2.458950996398926,7.632052421569824,-2.6769015789031982,6.960642337799072,4.995710849761963,6.825374603271484,-3.6038224697113037,7.803601264953613,2.9456589221954346,9.855616569519043,2608.929765696012,3038.796553832296,3432.591226971207,469.9669444664028,420.5977576966496,363.40587577491755,0.3336048722267151,0.20927897095680237,0.5325852036476135,0.2637549340724945,0.6153777241706848,0.32603076100349426,0.4266684353351593,0.2334924340248108,0.4611840844154358,0.2867843210697174,0.3878977298736572,0.24277664721012115,0.48625415563583374,0.3155610263347626,0.36769431829452515,0.29231494665145874,0.39169126749038696,0.266436368227005,0.5769783854484558,0.2985200881958008,0.4310990571975708,0.2541351616382599,0.3684571385383606,0.2648806869983673
./processed_music/rock_abba_2.wav,2.4270415454223917,-0.1045425608754158,-0.0017718329327180982,0.10181863605976105,167211,0.18943386564675174,0.39185287569811217,3177.6760636844897,874.101894901366,6081.631920855978,1441.658795108096,-106.1936264038086,66.17718505859375,52.52682876586914,28.89246940612793,-18.055538177490234,25.85927391052246,24.964046478271484,20.612180709838867,-5.416659355163574,16.958940505981445,6.259667873382568,13.54484748840332,1.6004984378814697,11.204763412475586,1.9222854375839233,13.363201141357422,-1.2111680507659912,10.493413925170898,6.657265663146973,7.67144250869751,-3.8764357566833496,8.024361610412598,8.589921951293945,7.817241191864014,-4.421295642852783,7.636963844299316,7.0688018798828125,7.378487586975098,-4.857295513153076,6.976222991943359,1.7295902967453003,6.413464069366455,-3.12939453125,6.384106636047363,4.855201721191406,6.7588629722595215,-2.8029913902282715,7.33390474319458,5.262569427490234,8.481803894042969,2619.099763380164,3052.502273709786,3444.468238182565,355.5784542451528,298.27783561846695,243.06636164112794,0.3557871878147125,0.23465098440647125,0.5157284140586853,0.26328209042549133,0.6676399111747742,0.3044947385787964,0.40029820799827576,0.2116997092962265,0.43977341055870056,0.3297398090362549,0.3350237011909485,0.21926742792129517,0.42096588015556335,0.26640090346336365,0.380932480096817,0.27369797229766846,0.38484349846839905,0.24087464809417725,0.5519598722457886,0.3013279438018799,0.3661656379699707,0.22084307670593262,0.42371639609336853,0.2993910312652588
./processed_music/classic_beethoven_1.wav,1.641714491560311,0.00984745379537344,7.056332833599299e-07,0.03064851090312004,60532,0.0685892474921504,0.2527543523277313,1210.096655222045,417.4054914300617,2246.916053577255,1016.1190072569152,-361.35205078125,78.8681869506836,156.69752502441406,37.7576904296875,-14.675375938415527,20.74203872680664,21.373517990112305,12.078540802001953,-1.967315912246704,11.347514152526855,-7.034481525421143,9.45186710357666,-7.931445598602295,10.547813415527344,-8.841595649719238,10.139534950256348,-10.17438793182373,11.710474967956543,-3.5177931785583496,11.106579780578613,-5.780496120452881,11.323339462280273,-2.1450726985931396,10.698515892028809,-4.196149826049805,12.6799898147583,-3.1063501834869385,11.105987548828125,-6.107288837432861,11.528923034667969,-5.2997331619262695,9.670495986938477,-5.316493511199951,10.286391258239746,-5.6642045974731445,9.832809448242188,-3.750062942504883,9.666831016540527,2.9116904735565186,13.665517807006836,1320.616629639735,1943.8173670734723,2577.7405501548283,313.0692469586961,337.46441407448583,358.9351952154255,0.5086308121681213,0.40652284026145935,0.2810094356536865,0.2228831797838211,0.31774747371673584,0.36298084259033203,0.17369557917118073,0.21160025894641876,0.25050899386405945,0.2978443205356598,0.3818837106227875,0.3491919934749603,0.1719888150691986,0.16519194841384888,0.24419009685516357,0.31688228249549866,0.1479676514863968,0.17736387252807617,0.23768411576747894,0.29240912199020386,0.30524376034736633,0.3358961045742035,0.24489538371562958,0.23108360171318054
./processed_music/classic_beethoven_3.wav,4.216164576695915,0.012569351121783257,-7.063775342430745e-07,0.03546706959605217,74052,0.08394443153414083,0.2773044607440543,1268.166290392583,482.89589545298867,2308.2331501877175,1031.2077881772414,-336.29693603515625,57.79262161254883,164.25808715820312,34.015480041503906,-8.347297668457031,19.607784271240234,14.397868156433105,17.30747413635254,-1.3536096811294556,10.181662559509277,-3.6450703144073486,8.009218215942383,-8.322616577148438,8.291207313537598,-6.535074234008789,10.17535400390625,-14.640924453735352,9.078293800354004,-7.526886940002441,11.128173828125,-4.8219451904296875,13.46005916595459,4.183797359466553,12.41480541229248,0.19042862951755524,15.143240928649902,-5.544597625732422,11.817697525024414,-9.596680641174316,10.488794326782227,-7.077796459197998,8.576082229614258,-10.07909107208252,10.40723705291748,-4.613925457000732,11.596717834472656,1.4871351718902588,15.587630271911621,4.606238842010498,16.49915313720703,1383.1681303398223,1986.4885116317892,2605.5510089173026,409.1028111317104,401.4335989395953,378.22762195563973,0.3329264223575592,0.38091525435447693,0.1821298748254776,0.16516052186489105,0.34924763441085815,0.33207571506500244,0.3494931161403656,0.3425638675689697,0.23519280552864075,0.2304789423942566,0.31636175513267517,0.3797758221626282,0.19149190187454224,0.18948419392108917,0.34074166417121887,0.3794388473033905,0.12339728325605392,0.13725872337818146,0.09756718575954437,0.15634804964065552,0.09967446327209473,0.16367179155349731,0.17052294313907623,0.20115281641483307
./processed_music/rock_abba_1.wav,3.9515614283616634,-0.047789257019758224,-0.001515785465016961,0.08205140382051468,140934,0.1595720108695652,0.3662086621266742,2867.809011714721,928.8273529880544,5535.411777253223,1652.6885220874906,-155.42149353027344,81.73040008544922,61.637901306152344,27.50680923461914,-20.61055564880371,33.9359130859375,37.783077239990234,13.86693286895752,3.2370293140411377,11.481034278869629,16.24005699157715,9.271322250366211,4.50298547744751,10.18481159210205,7.108854293823242,9.084505081176758,4.834525108337402,8.53133773803711,7.439123630523682,8.180509567260742,-5.475915908813477,10.210796356201172,8.806647300720215,9.371124267578125,-2.1639745235443115,8.388529777526855,8.752579689025879,6.964592456817627,-5.211404800415039,8.03565502166748,0.9516271352767944,9.318684577941895,-1.6615034341812134,8.452810287475586,5.145598888397217,6.702880859375,-5.504349708557129,8.77088451385498,-0.3337889015674591,12.648615837097168,2436.9553027478632,2875.434783919932,3287.010558257689,529.51050851237,495.28546540482006,449.07508338109767,0.3037092685699463,0.24087004363536835,0.4686478078365326,0.2789897322654724,0.6193767189979553,0.3571634590625763,0.3852465748786926,0.24571380019187927,0.37772485613822937,0.2993567883968353,0.3077375590801239,0.25703680515289307,0.3947737514972687,0.3338668644428253,0.2972698211669922,0.3094434440135956,0.31808772683143616,0.2662486433982849,0.49885326623916626,0.3001032769680023,0.4252958595752716,0.27641287446022034,0.33481401205062866,0.2632791996002197
./processed_music/classic_beethoven_2.wav,4.621256616006522,-0.04282244294881821,-1.9312974472995847e-06,0.0449892096221447,64008,0.07252061480731188,0.2593479809739829,1206.7581311315525,456.1159959555626,2171.574823153821,978.9235758969395,-317.98419189453125,72.32099914550781,157.6068572998047,33.29372787475586,-12.578937530517578,22.648548126220703,12.151498794555664,13.435705184936523,-0.6989731788635254,10.578327178955078,-9.017745018005371,8.824231147766113,-10.673593521118164,8.421603202819824,-11.498842239379883,8.044025421142578,-12.71343994140625,8.975325584411621,-4.015534400939941,9.83205795288086,-4.152008533477783,9.75081729888916,0.709028422832489,8.294851303100586,-2.272493600845337,12.023965835571289,-2.839207649230957,10.869848251342773,-3.0300190448760986,9.901871681213379,-3.591383457183838,10.510658264160156,-7.4488606452941895,7.626856327056885,-4.228302478790283,9.137594223022461,0.9671036005020142,11.503456115722656,3.4914658069610596,12.062132835388184,1326.8098993551148,1930.5613030787044,2550.845433519978,400.2617753258854,417.6333049529883,415.75281652898883,0.3890506327152252,0.3962397575378418,0.21116800606250763,0.19485007226467133,0.3233490288257599,0.33127307891845703,0.24033747613430023,0.2828426659107208,0.18672697246074677,0.2381456196308136,0.22612200677394867,0.33053258061408997,0.1958926022052765,0.22927208244800568,0.36853456497192383,0.3706265985965729,0.19368451833724976,0.24925988912582397,0.08304572850465775,0.14656877517700195,0.09951827675104141,0.15739978849887848,0.2501533627510071,0.26491108536720276
./processed_music/classic_beethoven_6.wav,4.405299238696596,-0.018203333020210266,-4.810082145922934e-07,0.04743098095059395,75028,0.08509547551752766,0.279023718640501,1371.1421235597716,506.1334640079448,2518.8098803413377,1053.2334469019977,-298.12542724609375,69.06837463378906,150.2706756591797,35.20948028564453,-14.535478591918945,21.7932071685791,15.034272193908691,14.946273803710938,-3.3909618854522705,11.327001571655273,-6.666745662689209,8.72055721282959,-11.26817512512207,8.566856384277344,-10.626626968383789,7.993295192718506,-14.371801376342773,8.548983573913574,-3.0771708488464355,9.889888763427734,-3.22287654876709,10.076990127563477,1.5403205156326294,9.568860054016113,-4.304575443267822,12.147270202636719,-5.021447658538818,10.583329200744629,-5.516661167144775,9.730216979980469,-3.455716848373413,10.803893089294434,-8.13135814666748,8.555251121520996,-3.6137828826904297,9.382469177246094,2.8114876747131348,12.047367095947266,4.738839626312256,14.456954002380371,1466.2648613832012,2055.5639021085394,2657.6007589304736,417.6160287072887,422.9676801033144,412.14204736470515,0.3243062198162079,0.3649573028087616,0.21168136596679688,0.18266481161117554,0.40375468134880066,0.3465997874736786,0.3088989555835724,0.30731308460235596,0.18563926219940186,0.21320675313472748,0.23263388872146606,0.30973464250564575,0.23935264348983765,0.244339257478714,0.4498187005519867,0.37314271926879883,0.22717395424842834,0.248794823884964,0.11426535993814468,0.16780754923820496,0.12335237860679626,0.18300984799861908,0.23495134711265564,0.24436476826667786
./processed_music/rock_abba_5.wav,15.574777172181612,-0.428602010011673,-0.001502158003859222,0.08672406524419785,101075,0.11450818409222738,0.3184274797628622,2112.536695625159,716.355949787119,4223.222868546196,1605.24775741343,-208.25579833984375,81.13699340820312,97.38021087646484,31.916955947875977,-26.497570037841797,31.034433364868164,16.176057815551758,14.852594375610352,-1.2076338529586792,12.296987533569336,4.381458759307861,15.734312057495117,3.502194404602051,10.488943099975586,3.669405460357666,9.642634391784668,-4.946596622467041,7.6783366203308105,1.1894452571868896,7.641422748565674,-4.001652717590332,7.5194902420043945,2.717557668685913,9.082653999328613,-2.150797128677368,7.625234127044678,0.9593529105186462,6.58860969543457,-5.185743808746338,6.400707244873047,-0.10357947647571564,5.913288593292236,-1.8868414163589478,6.434123992919922,-1.5781587362289429,7.747228145599365,-2.9509778022766113,7.137344837188721,2.87166428565979,7.0768561363220215,2070.5939294813315,2594.798767270057,3111.08551835754,573.8554250536552,541.4642142171087,491.30633214836143,0.23712483048439026,0.23193193972110748,0.3245752453804016,0.21351474523544312,0.7125904560089111,0.36960163712501526,0.3269274830818176,0.24775981903076172,0.2567692995071411,0.25520819425582886,0.3013581931591034,0.27178001403808594,0.37391722202301025,0.3054703176021576,0.19204585254192352,0.24907706677913666,0.1783013790845871,0.15375098586082458,0.451753705739975,0.33387261629104614,0.1984032392501831,0.16042101383209229,0.15930922329425812,0.16581501066684723
./processed_music/rock_abba_4.wav,2.1889480350222277,-0.11556648463010788,-0.0018385661533102393,0.10306315869092941,163019,0.1846847357163573,0.38804160100398577,3177.391470845518,794.2919534752037,6142.018512228261,1322.4317476335684,-102.7531967163086,64.00008392333984,52.40760040283203,24.990989685058594,-14.95701789855957,25.845491409301758,26.469104766845703,19.498233795166016,-4.153582572937012,16.407411575317383,4.651697158813477,13.614545822143555,2.183443546295166,11.114568710327148,2.270566463470459,11.913498878479004,-2.2063663005828857,10.1485595703125,4.350270748138428,7.773756504058838,-2.713465690612793,7.662254333496094,8.93171215057373,7.275521755218506,-6.534992694854736,7.081780433654785,6.090461254119873,7.444713115692139,-3.3768134117126465,6.965188503265381,1.2776037454605103,6.832878589630127,-3.8440301418304443,6.767061233520508,5.942609786987305,6.5070109367370605,-1.3740800619125366,7.464730262756348,5.810057640075684,7.5567450523376465,2664.7822495403907,3100.00071279029,3492.4036850621637,334.0071181023821,282.3849743184356,234.08980262358912,0.3227604627609253,0.24340662360191345,0.4818047285079956,0.24324582517147064,0.7393322587013245,0.2943369746208191,0.4029270112514496,0.2065776288509369,0.38662633299827576,0.3034575581550598,0.29859477281570435,0.20432715117931366,0.424966961145401,0.26445239782333374,0.4081305265426636,0.30671030282974243,0.3380626440048218,0.2194904088973999,0.49186623096466064,0.29240041971206665,0.30675965547561646,0.20434105396270752,0.3555106818675995,0.2789498567581177
./processed_music/classic_beethoven_7.wav,2.007058079492956,-0.023441540077328682,-2.6799073111760663e-06,0.03660180792212486,68718,0.0777327440615636,0.26775056407451875,1219.677368737165,463.6933365448694,2207.976245272691,971.0938540092478,-332.61297607421875,51.1033821105957,166.55577087402344,32.598392486572266,-12.216630935668945,19.48716926574707,16.356237411499023,15.800712585449219,-1.5528398752212524,10.758645057678223,-2.713749647140503,8.005415916442871,-6.682443618774414,7.695032119750977,-6.386068344116211,10.37404727935791,-13.092546463012695,10.247974395751953,-8.24833869934082,11.014196395874023,-8.409890174865723,11.293149948120117,1.4643168449401855,11.600110054016113,-1.3097001314163208,14.314035415649414,-5.269404411315918,12.278363227844238,-7.925680637359619,10.561256408691406,-6.944765090942383,7.631651401519775,-9.033234596252441,10.267029762268066,-6.117978572845459,12.286934852600098,-1.853064775466919,14.6211576461792,4.039795398712158,15.270222663879395,1339.3310764869345,1936.6185911216135,2552.7124195320753,383.5492926820304,377.4064560307018,357.7545559148127,0.46073266863822937,0.42822158336639404,0.2007063925266266,0.16533216834068298,0.2669810354709625,0.32164305448532104,0.2323198765516281,0.29099079966545105,0.23349729180335999,0.2511056959629059,0.2799520492553711,0.35932475328445435,0.15282316505908966,0.1635752022266388,0.31483834981918335,0.3649884760379791,0.10926710069179535,0.12186364829540253,0.09979954361915588,0.18363793194293976,0.09480201452970505,0.15637829899787903,0.20351772010326385,0.21702329814434052
./processed_music/classic_vivaldi_10.wav,3.6684315144146193,-0.016294436529278755,-1.1632155292318203e-05,0.04154711216688156,81042,0.09184530386740332,0.2888074514705388,1637.2903631862746,355.3474000323657,3144.6033168005,617.6853838271497,-281.65966796875,64.00735473632812,123.37349700927734,20.5267333984375,-27.24802017211914,13.980301856994629,34.37974548339844,8.508432388305664,-3.866670608520508,9.377967834472656,-7.21502685546875,6.385739803314209,-6.319600582122803,7.465005397796631,-4.461397647857666,8.046256065368652,-5.9975666999816895,9.269489288330078,-5.095516204833984,9.297417640686035,-3.768662929534912,10.296342849731445,-0.18584100902080536,11.169650077819824,-5.053166389465332,10.266976356506348,-2.704620122909546,9.503684043884277,-4.744682312011719,8.338034629821777,-0.3060937821865082,8.220743179321289,-3.870609760284424,7.51138973236084,-0.7713230848312378,7.551510810852051,-1.7013179063796997,8.635804176330566,-1.1553161144256592,11.250445365905762,1708.7157246397528,2281.444893498934,2872.833837152905,214.8696258629876,218.89836504657342,225.61164309762592,0.23600122332572937,0.31386929750442505,0.2635604739189148,0.2371344268321991,0.4581354558467865,0.3839668929576874,0.20574356615543365,0.2218862771987915,0.20781801640987396,0.25091561675071716,0.29629066586494446,0.35505935549736023,0.1882796734571457,0.20419013500213623,0.2558099925518036,0.3387639820575714,0.20739886164665222,0.22411978244781494,0.3370210528373718,0.32824423909187317,0.19561149179935455,0.2469748556613922,0.12280108034610748,0.15506963431835175
./processed_music/rock_eels_8.wav,0.12994999106787652,-0.15594428777694702,1.7929731939148041e-06,0.08631770312786102,46282,0.052446391520097724,0.22292547529750467,1107.6597015400887,228.96553290953352,1876.7173253743113,476.14756947098215,-234.6113739013672,46.5822639465332,172.42527770996094,20.555988311767578,-32.221099853515625,15.232989311218262,5.779800891876221,9.295877456665039,0.8306671380996704,8.653670310974121,-3.9333431720733643,9.062398910522461,-6.1428914070129395,6.974215507507324,-7.562654972076416,6.911749362945557,-14.13284683227539,5.695728778839111,-7.3596954345703125,5.781139850616455,-9.877012252807617,6.824825286865234,-7.991556644439697,7.296961784362793,-9.571771621704102,7.865445137023926,-6.964611530303955,7.550669193267822,-3.053741216659546,7.73786735534668,0.6853054761886597,7.469703197479248,-2.461454391479492,8.047398567199707,0.4393447935581207,7.912591457366943,-4.492688179016113,6.770813941955566,3.8296797275543213,8.008026123046875,1339.13381981035,2042.2852763945602,2738.384805767611,210.87402393924162,228.8443060261658,229.14650592785497,0.22750239074230194,0.29867908358573914,0.20510318875312805,0.2711305320262909,0.22294209897518158,0.2698776125907898,0.24085566401481628,0.3028566241264343,0.15251198410987854,0.1637505143880844,0.30245518684387207,0.3803868293762207,0.1361728459596634,0.16566498577594757,0.20487657189369202,0.15200234949588776,0.5249894261360168,0.4191962778568268,0.20478498935699463,0.17940588295459747,0.17079037427902222,0.28602999448776245,0.1423456072807312,0.20260798931121826
./processed_music/classic_beethoven_5.wav,7.4079026125940395,-0.04373182728886604,-1.1460631412774092e-06,0.035576749593019485,59786,0.06783372534069468,0.2514603568101698,1085.4181715574134,348.0330265942852,1910.0213771913109,840.0983524533555,-348.6058349609375,54.287208557128906,167.76458740234375,26.574277877807617,-13.403148651123047,19.17249870300293,15.871869087219238,13.4525785446167,-1.4551628828048706,10.024246215820312,-9.82361888885498,8.831896781921387,-4.911739826202393,8.268793106079102,-10.112045288085938,9.310708045959473,-7.135986804962158,10.429095268249512,-2.0267927646636963,11.117426872253418,-5.481410026550293,12.037223815917969,0.8604784607887268,9.88762378692627,-0.7654047012329102,10.166093826293945,-3.5937960147857666,11.90405559539795,-5.600957870483398,11.260974884033203,-4.790619373321533,8.196996688842773,-5.058035850524902,8.516474723815918,-6.947169780731201,8.429465293884277,-5.363292217254639,9.397541999816895,2.7144224643707275,12.349865913391113,1210.814995921835,1809.7779174539548,2435.3951676818247,326.9762280127853,338.41395997792625,340.1271736585445,0.5187993049621582,0.42092734575271606,0.2157135158777237,0.17589816451072693,0.24581345915794373,0.32029828429222107,0.1367104947566986,0.18724022805690765,0.23946471512317657,0.28776729106903076,0.3158320486545563,0.36023563146591187,0.1297530084848404,0.1263074278831482,0.24475255608558655,0.3229166269302368,0.09815025329589844,0.10819387435913086,0.1404045671224594,0.21746890246868134,0.20299676060676575,0.29597020149230957,0.24961769580841064,0.23629191517829895
./processed_music/rock_beatles_9.wav,2.20208511339285,-0.008945965208113194,-1.806008413041127e-06,0.10652799159288406,49970,0.05663972397627411,0.23115290533360291,1521.1323264672474,827.4343446315735,2948.169044441524,1987.749293890099,-218.54647827148438,73.95573425292969,137.10110473632812,40.168357849121094,17.246511459350586,23.322263717651367,12.837190628051758,18.743724822998047,11.745925903320312,13.513556480407715,-1.54731285572052,15.359040260314941,-6.261078834533691,11.109774589538574,10.244521141052246,11.762520790100098,-18.082401275634766,11.643782615661621,0.48524394631385803,10.209546089172363,-6.497617721557617,8.634584426879883,2.950267791748047,8.687409400939941,-3.098001718521118,7.3305253982543945,-1.4590915441513062,9.173413276672363,-9.779533386230469,8.592180252075195,-9.58698844909668,8.106202125549316,-11.096793174743652,7.550564765930176,-5.504345893859863,8.392391204833984,-6.801103115081787,7.075651168823242,-0.15478351712226868,8.22670841217041,1971.7189384386331,2686.3902982468767,3326.191799495846,625.7240366554346,526.362364720533,437.17960287151743,0.51705002784729,0.4031304121017456,0.3310624063014984,0.23870936036109924,0.39806807041168213,0.372763067483902,0.27774104475975037,0.23243379592895508,0.3926331400871277,0.3547095060348511,0.2505638003349304,0.2778998017311096,0.19261179864406586,0.21729761362075806,0.31068381667137146,0.31577080488204956,0.19831958413124084,0.20975841581821442,0.16441847383975983,0.239161416888237,0.13757504522800446,0.17247170209884644,0.2836364209651947,0.23859994113445282
./processed_music/rock_abba_6.wav,8.810355545528315,-0.3427474796772003,-0.0015574689023196697,0.11724234372377396,126336,0.14304347826086958,0.3501171826516112,2737.7547182359754,790.2690900984298,5598.433199956547,1444.4259782693402,-148.23516845703125,62.90315246582031,73.28752899169922,23.51702308654785,-6.291031360626221,25.77664566040039,23.331308364868164,15.831198692321777,4.024214267730713,10.413053512573242,7.067330837249756,15.60503101348877,6.580350875854492,11.063358306884766,7.902705669403076,10.937193870544434,-0.047630444169044495,7.4556884765625,6.871670722961426,9.23645305633545,-5.647026538848877,7.072457790374756,7.875864505767822,7.904566287994385,-6.416848659515381,7.751196384429932,1.098739504814148,6.9437174797058105,-4.842436790466309,7.413023471832275,-1.835930585861206,7.330185890197754,-0.8969953060150146,7.207043647766113,-0.014522689394652843,8.290923118591309,-2.5999248027801514,8.81021499633789,7.467416763305664,8.649395942687988,2627.140931198433,3128.7348124095543,3587.1923274012133,376.37906586351494,295.05759654449986,236.53130522267114,0.36737534403800964,0.28016936779022217,0.4709354639053345,0.26932182908058167,0.6958189010620117,0.31631937623023987,0.43648773431777954,0.2970242500305176,0.43043360114097595,0.31421640515327454,0.43774279952049255,0.30506226420402527,0.3684460520744324,0.247173473238945,0.45552685856819153,0.3570893108844757,0.3170226812362671,0.22017791867256165,0.3531542718410492,0.24952474236488342,0.2819010317325592,0.23995256423950195,0.30077892541885376,0.21875311434268951
./processed_music/rock_abba_7.wav,8.57665892242919,-0.33002910017967224,-0.0017295459983870387,0.11182646453380585,113343,0.12833220108695653,0.3344593357213003,2661.004832464386,718.1140959495708,5606.935446729251,1451.2616633214548,-159.76141357421875,66.2974624633789,76.4123306274414,25.271032333374023,-4.768199920654297,25.384244918823242,20.88033676147461,14.054681777954102,4.016777038574219,10.746855735778809,12.546873092651367,12.31149959564209,6.968037128448486,11.308547973632812,7.684483051300049,10.281132698059082,-2.903270721435547,8.402144432067871,4.25271463394165,8.068731307983398,-5.740876197814941,6.469282627105713,7.105127811431885,9.740506172180176,-2.7387807369232178,8.314306259155273,2.2708425521850586,6.97862434387207,-4.516247272491455,6.816089153289795,-0.6658762097358704,7.031571388244629,-2.5187735557556152,7.338924407958984,2.1890604496002197,7.177333831787109,-2.644461154937744,8.243636131286621,3.1827750205993652,8.803566932678223,2621.9825010488053,3123.924658625725,3582.8483482196452,392.9344984758818,311.3632669406499,252.58414498346625,0.32058826088905334,0.27097272872924805,0.4038693904876709,0.25517719984054565,0.6771950125694275,0.3768852949142456,0.4097557067871094,0.30685579776763916,0.37582868337631226,0.3054630756378174,0.38685712218284607,0.32855284214019775,0.29982730746269226,0.24686993658542633,0.29087400436401367,0.32036155462265015,0.25477367639541626,0.20655082166194916,0.39886099100112915,0.31756332516670227,0.2068053036928177,0.17634248733520508,0.2211158722639084,0.20113152265548706
./processed_music/rock_beatles_8.wav,2.826294280581066,-0.1508706659078598,-1.043362203745346e-06,0.06530188024044037,45220,0.05118152122980526,0.22036781324505686,1124.281080473911,576.193670075051,1969.4272568438587,1313.6557910267848,-278.4391174316406,65.2010726928711,168.5229034423828,38.49530792236328,2.38934063911438,25.40563201904297,6.895395755767822,16.80021095275879,6.552913188934326,11.001727104187012,-7.953714370727539,12.216222763061523,-5.27239990234375,9.979557037353516,3.792065143585205,11.258291244506836,-18.396636962890625,12.433588027954102,-4.3670244216918945,11.229820251464844,-7.108585357666016,8.42637825012207,-1.671587586402893,7.292497158050537,-4.91159200668335,6.821902751922607,-5.898439407348633,7.0414838790893555,-11.250341415405273,7.729638576507568,-14.71725845336914,7.676513671875,-12.723873138427734,6.951693534851074,-8.632902145385742,7.043927192687988,-5.715874195098877,7.419474124908447,-1.6499669551849365,7.89776611328125,1437.0780184932128,2142.103438953017,2818.489532298979,540.4326772728151,519.9700528225974,478.5301113485447,0.5470193028450012,0.40420979261398315,0.2938899099826813,0.18084782361984253,0.41839656233787537,0.41810792684555054,0.2526691257953644,0.1990755796432495,0.4028562605381012,0.34934762120246887,0.20156121253967285,0.22978349030017853,0.14641466736793518,0.16885125637054443,0.2651596963405609,0.28351226449012756,0.13061214983463287,0.13241542875766754,0.12712468206882477,0.1956431120634079,0.10291243344545364,0.10724083334207535,0.31806960701942444,0.24140451848506927
./processed_music/rock_eels_9.wav,1.894062285702831,-0.12931273877620697,7.218707764877763e-07,0.05990200862288475,59328,0.06725013290652108,0.25045469157230094,1427.7284985734923,734.8861053287354,2494.728998241734,1396.1735751092679,-282.2696838378906,72.14891052246094,145.4302520751953,35.49748229980469,-25.71904182434082,13.286445617675781,6.592832565307617,11.099039077758789,-0.7387266159057617,9.759215354919434,0.7578163146972656,10.243250846862793,-6.876221656799316,6.969095230102539,-4.6737589836120605,7.770130634307861,-12.283029556274414,7.777339458465576,-6.990433692932129,6.1899003982543945,-7.642369747161865,7.741827487945557,-6.978296756744385,7.804243087768555,-6.894564628601074,8.315278053283691,-5.25600004196167,7.6775007247924805,-0.7618754506111145,7.4462785720825195,1.9379663467407227,7.804195404052734,-1.018456220626831,8.013404846191406,-0.18523256480693817,8.379742622375488,-4.167140960693359,6.906971454620361,4.040107250213623,8.045724868774414,1587.5653995073199,2309.5591070038718,2993.714860166461,307.31664173332973,301.4517674022367,288.1799074673957,0.23540113866329193,0.3103397786617279,0.2362060695886612,0.3200448155403137,0.22237519919872284,0.27365273237228394,0.2540675401687622,0.3393481969833374,0.14613571763038635,0.1672627329826355,0.2815711498260498,0.353205144405365,0.18239548802375793,0.22179612517356873,0.22118611633777618,0.2203800082206726,0.4802360236644745,0.41905227303504944,0.1912679672241211,0.2010686993598938,0.19226329028606415,0.3229812681674957,0.16492539644241333,0.2500278651714325
./processed_music/classic_beethoven_4.wav,2.165834628611649,0.004720720928162336,1.819546241677017e-06,0.040520813316106796,59134,0.06706040585074655,0.2501265835889494,1190.0462753250963,288.5566813750726,2248.2138768227655,646.2603201406667,-313.8345947265625,51.74013900756836,162.96055603027344,23.9687442779541,-17.20462417602539,17.89971923828125,22.64313316345215,11.035979270935059,-1.701192855834961,9.997671127319336,-6.431895732879639,7.900326251983643,-10.205967903137207,8.10869312286377,-7.856043338775635,8.9081449508667,-12.490825653076172,9.739204406738281,-5.157284736633301,10.091115951538086,-11.355281829833984,8.63870620727539,-3.8342020511627197,8.599444389343262,-4.62161111831665,9.886765480041504,-3.345034122467041,9.0833101272583,-3.9769740104675293,9.751157760620117,-4.145720481872559,9.087355613708496,-8.639037132263184,10.180208206176758,-7.87697172164917,10.170252799987793,-4.397945404052734,10.500799179077148,1.5240167379379272,12.83352279663086,1377.4005207615503,1978.665797790409,2597.270645812128,274.28955428323854,291.70229189106635,295.52091475210517,0.655119776725769,0.3928758502006531,0.2966361343860626,0.16353283822536469,0.27090778946876526,0.3371065855026245,0.1552656590938568,0.19329796731472015,0.21206577122211456,0.2520599961280823,0.27032074332237244,0.3298441171646118,0.1185934990644455,0.10794981569051743,0.2266608029603958,0.28307875990867615,0.1398293524980545,0.17737002670764923,0.1864338219165802,0.2614407539367676,0.18865758180618286,0.2585453689098358,0.2812194526195526,0.22790132462978363
./processed_music/rock_eels_4.wav,2.54655560417764,-0.22747746109962463,-3.4641927868506173e-06,0.11158046126365662,85476,0.09670598218073823,0.29555699144360803,1874.9461426450637,1011.3049696654109,3688.929459616568,1855.768489510638,-193.8892364501953,113.49588775634766,113.81610107421875,40.383670806884766,-4.427830696105957,21.255706787109375,22.459068298339844,14.303597450256348,13.264548301696777,10.710878372192383,4.226871013641357,11.056310653686523,6.30731725692749,7.7057647705078125,3.6865031719207764,8.49911880493164,-2.766916036605835,8.14487075805664,1.8739113807678223,6.696140289306641,-2.8378608226776123,7.435816764831543,7.753465175628662,6.699915885925293,-3.028118371963501,6.674749851226807,0.2770892083644867,6.157957553863525,-4.075179576873779,6.547510147094727,3.248483419418335,5.325950622558594,3.297748565673828,6.093040943145752,9.356762886047363,8.406338691711426,2.0323667526245117,7.888146877288818,3.1435763835906982,5.8143792152404785,2050.2526998622698,2797.3963722338285,3474.5308409100167,442.8670862712135,428.5600505451567,400.65667149364725,0.2972651720046997,0.2753565311431885,0.3636936843395233,0.2995276153087616,0.48912128806114197,0.34601888060569763,0.3336316645145416,0.25559499859809875,0.4580461084842682,0.3706532120704651,0.3291819989681244,0.26795583963394165,0.38830456137657166,0.3228980302810669,0.41866546869277954,0.326665997505188,0.2864864468574524,0.2491859495639801,0.3275224566459656,0.32695966958999634,0.2650473117828369,0.2603858411312103,0.35891884565353394,0.338665246963501
./processed_music/rock_beatles_5.wav,0.8968925113764219,-0.12604068219661713,4.068741327500902e-05,0.14862842857837677,95208,0.1080130557752065,0.31039690004461806,2516.257031241689,651.6312240578094,5790.324587938262,1367.9995615240407,-79.39106750488281,44.27518081665039,83.94654083251953,21.881040573120117,3.7518482208251953,18.970199584960938,22.136104583740234,13.819660186767578,5.031397819519043,11.463418006896973,3.893620491027832,8.218818664550781,4.106805801391602,9.359515190124512,15.419189453125,7.999880790710449,-7.566302299499512,9.02972412109375,12.913822174072266,8.027772903442383,-8.173541069030762,7.734114646911621,6.235029220581055,8.045929908752441,-3.479384422302246,8.109508514404297,0.6211678981781006,6.940684795379639,-7.321217060089111,6.255897045135498,-1.4578648805618286,6.7883124351501465,-8.168091773986816,7.546848297119141,0.4917149543762207,6.935248851776123,-10.11440658569336,8.524759292602539,-0.7687830924987793,7.1993913650512695,2682.5468116854236,3192.7279714881693,3651.4504445068924,345.5002758351571,292.74244013377023,257.4190220753796,0.43588531017303467,0.3498295545578003,0.3091762363910675,0.22898468375205994,0.37188997864723206,0.3222182095050812,0.3114062547683716,0.25780659914016724,0.41833359003067017,0.284067302942276,0.5083664655685425,0.3589896857738495,0.32987192273139954,0.23004482686519623,0.3661661446094513,0.3134969174861908,0.273107647895813,0.20891156792640686,0.3355427086353302,0.27880367636680603,0.32638421654701233,0.29737964272499084,0.31080541014671326,0.24854762852191925
./processed_music/rock_beatles_4.wav,0.8968925113764219,-0.12604068219661713,4.068741327500902e-05,0.14862842857837677,95208,0.1080130557752065,0.31039690004461806,2516.257031241689,651.6312240578094,5790.324587938262,1367.9995615240407,-79.39106750488281,44.27518081665039,83.94654083251953,21.881040573120117,3.7518482208251953,18.970199584960938,22.136104583740234,13.819660186767578,5.031397819519043,11.463418006896973,3.893620491027832,8.218818664550781,4.106805801391602,9.359515190124512,15.419189453125,7.999880790710449,-7.566302299499512,9.02972412109375,12.913822174072266,8.027772903442383,-8.173541069030762,7.734114646911621,6.235029220581055,8.045929908752441,-3.479384422302246,8.109508514404297,0.6211678981781006,6.940684795379639,-7.321217060089111,6.255897045135498,-1.4578648805618286,6.7883124351501465,-8.168091773986816,7.546848297119141,0.4917149543762207,6.935248851776123,-10.11440658569336,8.524759292602539,-0.7687830924987793,7.1993913650512695,2682.5468116854236,3192.7279714881693,3651.4504445068924,345.5002758351571,292.74244013377023,257.4190220753796,0.43588531017303467,0.3498295545578003,0.3091762363910675,0.22898468375205994,0.37188997864723206,0.3222182095050812,0.3114062547683716,0.25780659914016724,0.41833359003067017,0.284067302942276,0.5083664655685425,0.3589896857738495,0.32987192273139954,0.23004482686519623,0.3661661446094513,0.3134969174861908,0.273107647895813,0.20891156792640686,0.3355427086353302,0.27880367636680603,0.32638421654701233,0.29737964272499084,0.31080541014671326,0.24854762852191925
./processed_music/rock_eels_5.wav,0.5796648176991215,-0.12204655259847641,-1.6642574109937414e-06,0.07465916872024536,45012,0.050971541681906866,0.21993963631068533,1121.8853681381802,329.0883751420384,1911.4431470788043,678.9293731784691,-241.15982055664062,40.91794967651367,170.0301513671875,22.324071884155273,-24.995891571044922,14.23373031616211,7.440968036651611,10.849754333496094,-1.452610969543457,10.694755554199219,-0.29537901282310486,9.27681827545166,-4.57467794418335,6.993068218231201,-7.344596862792969,7.744206428527832,-12.379400253295898,7.125189781188965,-7.44976806640625,5.804630279541016,-10.416938781738281,6.574299335479736,-7.602209091186523,7.075442314147949,-11.917158126831055,6.868025779724121,-9.471017837524414,6.124321937561035,-4.857840061187744,5.900158405303955,-2.8467748165130615,6.462674617767334,-3.7379579544067383,7.256391525268555,-1.1263922452926636,8.386367797851562,-5.679004669189453,6.5416646003723145,2.105314254760742,6.904987812042236,1398.2969316951903,2110.427176593579,2804.6146064664417,245.65793714758775,232.434770182351,216.55558690434933,0.22338904440402985,0.268278568983078,0.2554459869861603,0.31994903087615967,0.232110857963562,0.25052958726882935,0.28201958537101746,0.3315391540527344,0.1946396827697754,0.19045637547969818,0.3557344973087311,0.38075026869773865,0.15508131682872772,0.17046968638896942,0.2120499312877655,0.19113323092460632,0.5146971940994263,0.41246962547302246,0.22583945095539093,0.1747155636548996,0.17774023115634918,0.2830924093723297,0.14281828701496124,0.18355117738246918
./processed_music/rock_eels_7.wav,1.1266895111384923,-0.13139106333255768,-2.1028852188464953e-06,0.06675555557012558,48447,0.05489838354192989,0.22778180574052237,1233.03017771335,382.98761207396205,2138.519357915821,776.7672282159755,-253.06869506835938,43.823265075683594,158.1117706298828,24.43630027770996,-22.593238830566406,14.560827255249023,10.555244445800781,12.53091049194336,-5.623045921325684,10.507326126098633,4.18711519241333,10.067832946777344,-8.447762489318848,6.972526550292969,-4.848824501037598,7.422851085662842,-11.827629089355469,6.24086332321167,-8.246761322021484,5.713159561157227,-8.25057315826416,7.796115398406982,-10.211089134216309,6.978273868560791,-9.77306842803955,7.617302894592285,-8.766467094421387,6.812967777252197,-2.6973471641540527,6.279317855834961,-1.2985360622406006,7.670877456665039,-2.773972988128662,7.740001201629639,0.0707741230726242,7.464060306549072,-6.664000034332275,6.549117565155029,5.1182637214660645,6.899341106414795,1517.8169692149095,2219.220872209509,2890.2322630083377,269.29306005761725,249.43691728773874,234.16197577115855,0.2219170331954956,0.2830440104007721,0.24838384985923767,0.3353818356990814,0.20087096095085144,0.2310718148946762,0.24126698076725006,0.3085888624191284,0.1879115253686905,0.19113990664482117,0.3422422409057617,0.3785046339035034,0.14421507716178894,0.16449598968029022,0.21901287138462067,0.17606255412101746,0.5145652294158936,0.40652069449424744,0.20843371748924255,0.18058370053768158,0.20365221798419952,0.3218051493167877,0.14939412474632263,0.20090757310390472
./processed_music/rock_beatles_6.wav,0.8419758468311329,-0.11714833229780197,3.0148801670293324e-05,0.15287864208221436,136910,0.1551026049443416,0.36200246806316266,3139.4664157111542,880.8492595244235,6890.993248980978,1526.3390305289713,-69.84015655517578,50.961830139160156,68.99222564697266,23.12993621826172,5.27243185043335,21.585660934448242,16.401355743408203,15.076189041137695,13.23653793334961,12.741132736206055,5.220595359802246,10.730718612670898,2.996774911880493,10.646727561950684,14.528037071228027,8.657841682434082,-10.554765701293945,8.881552696228027,13.083174705505371,9.010491371154785,-8.353680610656738,10.553092002868652,6.0953192710876465,7.315067768096924,-4.610757350921631,7.304450511932373,-0.24955715239048004,7.432925701141357,-6.654590129852295,6.740607738494873,-2.263404369354248,7.357980251312256,-11.13787841796875,6.69064998626709,0.37013301253318787,7.090369701385498,-12.470314979553223,7.35617733001709,2.614426612854004,9.392558097839355,2950.9381531814192,3365.9686928045694,3728.762126414504,387.7273675644057,267.8559376298148,188.80352137576696,0.4417850971221924,0.342724084854126,0.3390757739543915,0.26487091183662415,0.320050448179245,0.2972973585128784,0.3246951997280121,0.277797132730484,0.401657372713089,0.28991639614105225,0.5693967342376709,0.3379380702972412,0.39961546659469604,0.26327428221702576,0.323456734418869,0.2956099808216095,0.2984561324119568,0.23663906753063202,0.371949702501297,0.2925342917442322,0.3477212190628052,0.27516061067581177,0.34168723225593567,0.2665458023548126
./processed_music/rock_abba_9.wav,9.05264029552843,-0.32054853439331055,-0.001451411982998252,0.11643531173467636,122987,0.13925158514492753,0.3462088692964877,2781.4047872208616,1006.5287689669927,5797.527998375036,1830.8066339149834,-192.89939880371094,88.06243896484375,71.07247924804688,35.6426887512207,5.032569408416748,35.66160202026367,18.360755920410156,17.88825035095215,1.2596231698989868,13.409638404846191,14.474541664123535,12.29993724822998,3.0231919288635254,9.11865234375,8.311854362487793,10.119656562805176,-1.6251112222671509,6.862964630126953,7.428359031677246,8.229870796203613,-0.05790362134575844,9.660515785217285,9.005699157714844,7.309934139251709,-2.1778011322021484,7.556430816650391,0.7251529693603516,6.7309250831604,-3.640176773071289,7.986419200897217,4.197813510894775,6.864864349365234,0.20644253492355347,8.04523754119873,-1.0444543361663818,7.954972267150879,-6.266800880432129,7.636213302612305,0.3476487398147583,8.476285934448242,2673.5776581709624,3167.3514667271484,3612.4429688298246,479.12793147225415,367.4472108414158,296.0255861659494,0.43154287338256836,0.3141687214374542,0.5106704831123352,0.2608576714992523,0.699004054069519,0.3022577166557312,0.4860157072544098,0.31030258536338806,0.4681682586669922,0.28757473826408386,0.4874510169029236,0.3182029724121094,0.3707889914512634,0.25243455171585083,0.2971884608268738,0.2710377871990204,0.34473881125450134,0.2374259978532791,0.5757532119750977,0.3292294144630432,0.3536287546157837,0.21987931430339813,0.3233511447906494,0.24975501000881195
./processed_music/rock_abba_8.wav,7.091816117519146,-0.29532745480537415,-0.0016725361347198486,0.11739383637905121,129738,0.14723679909936083,0.3543418181506881,2733.9079411971315,683.9157703610705,5497.5130406821645,1336.9194581167687,-128.00428771972656,52.97284698486328,72.14423370361328,21.25705909729004,-15.062929153442383,24.78083610534668,21.82843589782715,16.09386444091797,1.7933751344680786,10.448284149169922,5.162274360656738,15.506168365478516,4.791067600250244,10.699017524719238,6.514926433563232,10.695365905761719,-0.051666438579559326,6.941315650939941,5.742013931274414,9.627161026000977,-4.656096935272217,7.304483890533447,8.802362442016602,7.416382789611816,-6.055456638336182,7.691061019897461,0.7757427096366882,6.81083345413208,-6.121908187866211,7.660036563873291,-1.7151024341583252,7.127557754516602,-1.4760947227478027,6.5697832107543945,-2.3531017303466797,7.619447231292725,-5.719749927520752,8.095216751098633,6.247433185577393,8.442513465881348,2565.60195372783,3068.360386519622,3530.20810425537,367.125279854253,294.91588009271396,235.44281053466042,0.37435606122016907,0.291146844625473,0.4581140875816345,0.2560456097126007,0.7055671215057373,0.3093211352825165,0.4138506054878235,0.29218870401382446,0.4138564169406891,0.2993861734867096,0.45999446511268616,0.2966289520263672,0.34888318181037903,0.2287064641714096,0.38514113426208496,0.3333469033241272,0.31601977348327637,0.2184125781059265,0.41553857922554016,0.28978484869003296,0.3122193217277527,0.24666361510753632,0.3047150671482086,0.21401724219322205
./processed_music/rock_beatles_7.wav,0.6577026059854965,-0.043968211859464645,2.9486189305316657e-05,0.15975487232208252,137262,0.15565691112965852,0.3625297741527337,3000.197545793508,580.641112598385,6449.544266110164,1251.1849295587983,-33.792999267578125,38.11278533935547,68.67658996582031,17.274871826171875,-10.992195129394531,15.722561836242676,18.534130096435547,14.666271209716797,5.881237030029297,9.992959022521973,10.524825096130371,7.116343975067139,9.309983253479004,7.722224712371826,12.609601974487305,5.99553108215332,-8.281671524047852,5.176583766937256,12.76872444152832,5.686923980712891,-6.794032096862793,5.508039474487305,4.75611686706543,5.8190178871154785,-7.175131320953369,5.932432651519775,1.2366888523101807,5.29260778427124,-5.226536273956299,5.328413009643555,-0.8270884156227112,5.649158954620361,-9.882201194763184,5.911775588989258,2.6809329986572266,5.285401344299316,-8.828123092651367,5.774229526519775,5.720009803771973,6.5012311935424805,2773.1524593925988,3209.45652995098,3595.9659277886362,313.98463402008554,234.51427126996816,167.811580432562,0.505055844783783,0.2984409034252167,0.4343004524707794,0.2300492376089096,0.3893706500530243,0.2484857439994812,0.45799747109413147,0.29442670941352844,0.44657620787620544,0.24219860136508942,0.6807321906089783,0.30979394912719727,0.5188341736793518,0.22738058865070343,0.45778688788414,0.29023271799087524,0.3672811686992645,0.21715551614761353,0.4743368327617645,0.27691650390625,0.4199652373790741,0.2529802918434143,0.35676518082618713,0.22708313167095184
./processed_music/rock_eels_6.wav,0.45689324477063664,-0.1266804188489914,1.5119279623831972e-06,0.08169875293970108,47162,0.05350107485408643,0.22503046425660655,1148.8540907749773,351.72426372755126,1977.2344821836891,717.1699949113558,-232.39593505859375,46.561363220214844,169.80174255371094,23.315048217773438,-28.313358306884766,17.323944091796875,8.134048461914062,10.399677276611328,-1.932867169380188,10.721192359924316,-1.5445884466171265,9.478449821472168,-5.412601470947266,6.4740495681762695,-6.982309818267822,7.420671463012695,-11.910778999328613,6.260376453399658,-7.715871810913086,5.640358924865723,-9.740819931030273,6.36603307723999,-8.06091594696045,6.828532695770264,-11.380210876464844,7.019656181335449,-8.426881790161133,6.48014497756958,-4.886911392211914,6.431163311004639,-1.4440420866012573,6.352616310119629,-3.2637810707092285,7.7361345291137695,-0.6026532053947449,7.660150527954102,-6.321525573730469,6.364530086517334,2.446666717529297,7.237710952758789,1393.0508360947438,2090.749664842209,2777.3487787346567,256.29345367422377,247.8555941646284,233.8380683079275,0.18337349593639374,0.24025116860866547,0.207289919257164,0.275361567735672,0.25481146574020386,0.2915242910385132,0.2846752107143402,0.3188946545124054,0.18893635272979736,0.18795160949230194,0.3231180012226105,0.38537758588790894,0.13461802899837494,0.14321938157081604,0.22042348980903625,0.17942674458026886,0.540744960308075,0.4147862195968628,0.22465774416923523,0.15855824947357178,0.18884217739105225,0.29247260093688965,0.14015793800354004,0.17167697846889496
./processed_music/rock_eels_2.wav,0.7315452335824943,-0.15488983690738678,-6.410859441530192e-06,0.1461343914270401,85198,0.09681722932585445,0.2957087307326575,1658.501577356197,356.79317046262736,2994.468105775524,713.4192449191174,-107.08653259277344,40.48289489746094,130.0510711669922,19.405771255493164,-32.043067932128906,17.54205322265625,23.283069610595703,10.659836769104004,11.35793685913086,11.134778022766113,-2.574939012527466,8.532280921936035,5.4001054763793945,7.8256144523620605,0.5097557306289673,8.476414680480957,-3.3747546672821045,7.738636493682861,2.5216081142425537,7.647441864013672,-2.0660769939422607,8.196320533752441,10.864408493041992,6.830680847167969,-6.09847354888916,6.437558650970459,-3.0889737606048584,7.112967014312744,-5.880978584289551,6.769740581512451,4.091363430023193,7.180631160736084,2.0681838989257812,6.971158981323242,7.6219658851623535,8.232528686523438,0.7697018384933472,8.082711219787598,6.04164981842041,8.462651252746582,1844.645997497426,2532.4717658376444,3189.7117919043058,230.94535469504032,227.12765044125518,221.1293036429123,0.2128153145313263,0.20093564689159393,0.33943259716033936,0.2640354335308075,0.5533376336097717,0.35376620292663574,0.29528987407684326,0.21166962385177612,0.4306429624557495,0.34555548429489136,0.3121424615383148,0.2545967102050781,0.3605586290359497,0.3180253505706787,0.40752869844436646,0.35103532671928406,0.21166473627090454,0.18633882701396942,0.263437420129776,0.2774386703968048,0.16226688027381897,0.14343863725662231,0.2578621506690979,0.23308494687080383
./processed_music/rock_beatles_3.wav,1.150666634730369,-0.2236984372138977,2.1650223061442375e-05,0.14978064596652985,108960,0.12330618092601855,0.32878833110598454,2733.2313218582517,886.4369943556468,6150.068701681091,1827.8138227782686,-89.14313507080078,50.46221160888672,81.78150177001953,26.384428024291992,5.935141563415527,21.699247360229492,22.263456344604492,14.387004852294922,12.41099739074707,11.906902313232422,1.4182817935943604,8.556991577148438,3.1555428504943848,10.439091682434082,14.657052993774414,9.516241073608398,-9.570470809936523,9.288484573364258,11.79056167602539,8.238618850708008,-10.998287200927734,7.966287136077881,5.866323947906494,8.005532264709473,-3.214395523071289,7.349806308746338,0.5175801515579224,6.4870100021362305,-6.884210586547852,6.419484615325928,-2.9930577278137207,6.760395050048828,-8.5308256149292,6.8543381690979,0.9747346043586731,7.098665714263916,-12.209277153015137,7.161255836486816,-0.49919795989990234,7.890448093414307,2793.6019489924215,3270.7387034651765,3694.9409178677265,484.49195752828643,376.1377375901414,293.1952661238574,0.41511473059654236,0.3320358693599701,0.3066614866256714,0.24330531060695648,0.28973525762557983,0.2825576066970825,0.2823984622955322,0.2469175010919571,0.39817941188812256,0.29418960213661194,0.48719272017478943,0.3471192717552185,0.3397722840309143,0.2452685385942459,0.38233864307403564,0.3331760764122009,0.31252962350845337,0.2464037388563156,0.37204819917678833,0.3224102854728699,0.3430578112602234,0.2778483033180237,0.2981961965560913,0.24795320630073547
./processed_music/rock_beatles_2.wav,1.2017710302927416,-0.20728372037410736,2.5593639293219894e-05,0.1378556191921234,102303,0.11607099297354272,0.32031003350453835,2501.8899432477474,768.1790545465551,5607.292361375762,1554.3508591112748,-90.6866226196289,40.76471710205078,87.85699462890625,23.19270133972168,0.6177046895027161,17.954816818237305,15.339258193969727,14.030876159667969,4.235772132873535,11.782134056091309,0.7525216341018677,8.716524124145508,3.4826395511627197,10.473891258239746,13.962787628173828,8.93286418914795,-12.74949836730957,10.302854537963867,9.678206443786621,7.660204887390137,-11.421342849731445,8.114648818969727,7.18189811706543,8.872623443603516,-5.8873291015625,10.405439376831055,-0.6510945558547974,7.738044261932373,-8.275948524475098,6.510127067565918,-3.524977684020996,6.591544151306152,-9.651938438415527,6.805417537689209,-2.9537131786346436,6.838746070861816,-15.365803718566895,7.677853107452393,-2.0339672565460205,6.79311466217041,2655.452251793975,3191.40746110036,3664.8974408921003,350.80839612507265,263.15509759793287,207.90987921030438,0.447912335395813,0.3446991741657257,0.3179742991924286,0.2380046248435974,0.37798917293548584,0.35646313428878784,0.2702607810497284,0.24032944440841675,0.3532833158969879,0.27611884474754333,0.523539662361145,0.3529638350009918,0.28432682156562805,0.22389917075634003,0.24177123606204987,0.24239028990268707,0.22745025157928467,0.2034265249967575,0.38159966468811035,0.3157140016555786,0.3357614576816559,0.28892940282821655,0.2908821403980255,0.24918881058692932
./processed_music/rock_eels_3.wav,0.5538472482891845,-0.15227381885051727,3.054582293771091e-06,0.15619245171546936,88654,0.10034317742453945,0.30045702549430736,1690.3135437644214,349.5273468538807,3068.2693569850812,765.923874092142,-92.69244384765625,37.42840576171875,130.65151977539062,18.386791229248047,-36.158016204833984,15.70269775390625,22.706592559814453,10.963784217834473,9.453268051147461,10.616473197937012,-4.1891069412231445,8.909741401672363,6.481015205383301,7.4067702293396,-0.5748870968818665,8.00896167755127,-2.8230037689208984,7.5290069580078125,4.034318447113037,7.26287841796875,-1.6181433200836182,8.094680786132812,12.251825332641602,7.06121826171875,-7.726812362670898,6.901320934295654,-4.033717632293701,7.431112766265869,-5.986410617828369,6.652108192443848,3.1523728370666504,6.777937889099121,1.6004773378372192,6.378954887390137,6.9202046394348145,6.942790508270264,-2.6013383865356445,7.874971389770508,5.676062107086182,10.03411865234375,1828.0269759913651,2500.1657994314355,3150.1248930852757,229.66999899424306,210.70642966276853,195.72804988768308,0.20407938957214355,0.17149712145328522,0.37250229716300964,0.2716134190559387,0.544410765171051,0.36485007405281067,0.32269585132598877,0.21840356290340424,0.5250949859619141,0.36456066370010376,0.31367117166519165,0.23765547573566437,0.34778356552124023,0.30512747168540955,0.32788875699043274,0.3084498941898346,0.19631622731685638,0.18725311756134033,0.2815840542316437,0.29071059823036194,0.17794440686702728,0.1556619107723236,0.28297433257102966,0.2544475495815277
./processed_music/rock_eels_1.wav,0.9328433305234776,-0.2089126706123352,1.2329375749686733e-05,0.13843531906604767,79470,0.09008406485780615,0.2863021587702417,1684.6951094279566,402.0831984404572,3148.537747765915,776.9454360484408,-115.95905303955078,37.703941345214844,126.59371948242188,21.178848266601562,-25.985570907592773,17.584972381591797,26.677370071411133,13.222159385681152,9.213154792785645,11.638884544372559,-0.4843469560146332,8.944704055786133,6.993191242218018,7.42012357711792,-0.7476768493652344,8.220563888549805,-3.5702550411224365,7.827350616455078,1.5435649156570435,7.449605941772461,-1.9654217958450317,8.692153930664062,10.738248825073242,7.775681972503662,-6.284611225128174,6.036563396453857,-2.550480842590332,7.070615768432617,-5.5110015869140625,6.51752233505249,3.52165150642395,6.5913777351379395,3.438880681991577,7.13021993637085,8.731666564941406,7.878295421600342,-0.45574212074279785,9.207643508911133,6.4725022315979,9.073819160461426,1908.7022270056361,2586.943668731514,3235.030640955364,249.06638951377076,233.16536419525704,223.37231024795017,0.18380068242549896,0.18016928434371948,0.334730327129364,0.28379860520362854,0.5084406733512878,0.37441518902778625,0.301314115524292,0.23124028742313385,0.45786213874816895,0.3790300488471985,0.2847945988178253,0.23565319180488586,0.3182413876056671,0.32194679975509644,0.3148440420627594,0.3023345172405243,0.20395521819591522,0.19942466914653778,0.25882285833358765,0.2834291160106659,0.16064967215061188,0.15566207468509674,0.25563257932662964,0.27419060468673706
./processed_music/rock_beatles_1.wav,1.411488242755894,-0.4815027415752411,-2.7102712465421064e-06,0.09030614793300629,76299,0.08643536124903566,0.2810058532749529,2080.952478697332,1004.7511218568101,4293.80808423913,2018.7872623294936,-184.62936401367188,69.53553009033203,110.88724517822266,43.392032623291016,-13.717110633850098,20.654380798339844,16.697328567504883,15.849931716918945,9.362982749938965,11.887593269348145,-8.23316764831543,10.216233253479004,-4.171895503997803,11.65859317779541,11.119048118591309,10.552387237548828,-23.36480712890625,11.202089309692383,5.373166561126709,9.047637939453125,-20.83713150024414,8.997493743896484,-0.6387990117073059,7.441471576690674,-4.013952255249023,7.8966875076293945,-5.900160789489746,7.714356422424316,-13.063937187194824,7.894516944885254,-9.47774887084961,7.931494235992432,-12.007508277893066,6.657507419586182,-8.83896255493164,7.390044689178467,-13.471360206604004,7.7235331535339355,-7.173253059387207,9.270777702331543,2217.22062232074,2825.4099029479435,3375.360158285647,552.0599536449437,481.18356634273783,403.0000396752719,0.3871007561683655,0.34496641159057617,0.23000389337539673,0.21895357966423035,0.1975540667772293,0.28347089886665344,0.14753711223602295,0.19219627976417542,0.2662379741668701,0.2715373635292053,0.37633103132247925,0.34183651208877563,0.22394828498363495,0.21924765408039093,0.2634943127632141,0.3459721803665161,0.24612782895565033,0.23070389032363892,0.4258129298686981,0.3888194262981415,0.3350633382797241,0.2899026870727539,0.2608981430530548,0.2729344666004181
./processed_music/classic_mozart_3.wav,2.002654445812058,0.049995165318250656,-1.3707339348911773e-05,0.030717123299837112,54842,0.06219930725836269,0.2415171907648449,815.3261139638943,116.34515134121861,1350.805451519878,219.220565522372,-388.46307373046875,54.21259307861328,198.6150360107422,18.922643661499023,-18.081954956054688,24.687654495239258,-7.866795063018799,12.023931503295898,7.111995697021484,10.507253646850586,-8.823325157165527,9.316666603088379,-8.713831901550293,9.17279052734375,-9.454977035522461,11.212578773498535,-4.341151714324951,11.04437255859375,-3.9313673973083496,10.030558586120605,-5.071988105773926,11.846485137939453,-1.1345640420913696,11.949918746948242,-0.01155310869216919,12.833643913269043,-0.675033688545227,10.838418006896973,-0.9064241647720337,10.614870071411133,-0.31694933772087097,10.06522274017334,0.36483001708984375,9.954029083251953,-0.3096693456172943,9.326004028320312,-4.609125137329102,10.310537338256836,-5.491794109344482,11.089308738708496,724.3744531086868,1075.0073140481268,1504.4875293907066,93.4340673842683,143.53733646171312,206.27931136294438,0.30588093400001526,0.36979013681411743,0.13728109002113342,0.15423426032066345,0.2495627999305725,0.3470618426799774,0.17718856036663055,0.24342398345470428,0.25740760564804077,0.2988632023334503,0.28417664766311646,0.3407549560070038,0.10394738614559174,0.12082283943891525,0.1858876645565033,0.30521491169929504,0.12238164991140366,0.1305835247039795,0.33794018626213074,0.35511934757232666,0.27620837092399597,0.3148595988750458,0.16192148625850677,0.17550429701805115
./processed_music/classic_vivaldi_9.wav,6.12304509300137,-0.06161026656627655,-1.0083285815198906e-05,0.047295842319726944,96164,0.10911125004113059,0.3117787439123977,1843.9347585919686,404.20652573656764,3452.408953410823,638.7529994197058,-271.5754089355469,77.41983032226562,111.19014739990234,25.426559448242188,-32.57658386230469,16.93198585510254,30.819915771484375,7.822694301605225,-7.2787556648254395,12.642830848693848,-6.417908191680908,10.0848388671875,-2.4777936935424805,11.717920303344727,-0.3040420114994049,12.599077224731445,-2.362739324569702,10.806574821472168,-5.269150257110596,10.74198055267334,-8.468294143676758,11.346465110778809,-3.988746166229248,12.051422119140625,-5.495728969573975,12.717498779296875,-3.203507900238037,9.506914138793945,-3.425654172897339,9.61385726928711,2.543855667114258,8.2378511428833,-1.6029272079467773,7.464737415313721,-0.2588571012020111,9.575602531433105,-2.0419909954071045,11.276925086975098,-3.2364678382873535,11.494606971740723,1796.8330217989549,2348.3590788807965,2918.70611011592,201.89181989459394,187.8674552389022,178.6225099059176,0.22883117198944092,0.2914949059486389,0.2120126336812973,0.2655952572822571,0.2773100435733795,0.3375081419944763,0.16909554600715637,0.1936219036579132,0.2665500044822693,0.32586395740509033,0.2677936553955078,0.3203475773334503,0.2205190658569336,0.2596460282802582,0.23453658819198608,0.2933932840824127,0.25780290365219116,0.2775229513645172,0.40171587467193604,0.3578767776489258,0.22817011177539825,0.25451046228408813,0.19662833213806152,0.26814448833465576
./processed_music/classic_vivaldi_8.wav,5.760128377995759,-0.024366440251469612,-1.882702963484917e-05,0.045123569667339325,81088,0.09179080824088748,0.2887304205714599,1671.6829316039812,399.53177097859304,3181.805228965998,635.4327926428722,-285.8283996582031,61.641693115234375,115.5594253540039,21.77381706237793,-26.63134765625,15.046040534973145,30.70121955871582,8.5545072555542,-4.797780990600586,12.070882797241211,-9.56857681274414,8.54454231262207,-2.8020646572113037,9.104161262512207,-0.5087889432907104,11.062146186828613,-3.726594924926758,9.31977653503418,-6.979801177978516,9.245342254638672,-12.001029014587402,10.646330833435059,-7.339501857757568,8.899645805358887,-10.060344696044922,10.586483001708984,-3.4615607261657715,8.697128295898438,-1.3323969841003418,9.252488136291504,4.554862022399902,9.554834365844727,0.2807489037513733,8.099159240722656,-0.3064097762107849,7.002943992614746,-6.954601764678955,8.59813404083252,-4.215677738189697,11.371294021606445,1725.0282957323718,2309.2389699083305,2905.243578521862,215.32332733172382,205.96777005795124,203.49807278767312,0.3304765522480011,0.3630357086658478,0.14012090861797333,0.14244911074638367,0.11492414027452469,0.23183278739452362,0.08188969641923904,0.11064381897449493,0.2556000053882599,0.2595718502998352,0.42364439368247986,0.3684738576412201,0.16075700521469116,0.15325899422168732,0.11703815311193466,0.20913542807102203,0.15380094945430756,0.143973708152771,0.5415632128715515,0.40306752920150757,0.32296985387802124,0.3203893303871155,0.1377648115158081,0.13949783146381378
./processed_music/rock_abba_10.wav,9.41410368166665,-0.40144091844558716,-0.0014741276390850544,0.1145331934094429,130360,0.14768525232018562,0.35478770915479685,2830.76750824022,900.3900530398663,5870.8125,1625.5566977198544,-168.4929962158203,71.29266357421875,71.46753692626953,30.036428451538086,1.4732122421264648,27.69485855102539,22.074417114257812,16.089078903198242,1.6139185428619385,10.444799423217773,9.083663940429688,13.143425941467285,3.17935848236084,8.718230247497559,8.410332679748535,9.867759704589844,-2.134526252746582,7.264129638671875,7.586892604827881,8.6748628616333,-0.5776737928390503,9.273682594299316,8.723090171813965,7.279617786407471,-5.960649490356445,7.049495697021484,-2.387075662612915,7.567199230194092,-5.33616304397583,6.582315921783447,2.2916407585144043,7.520047187805176,-1.1415717601776123,6.7018938064575195,-1.804419755935669,7.4616265296936035,-6.632909774780273,7.2617716789245605,3.372785806655884,7.209825038909912,2689.89084348549,3170.0661171109327,3605.981796437894,418.81360446677127,318.53697564950437,251.71475640570662,0.3894384801387787,0.27520790696144104,0.45325613021850586,0.2573988139629364,0.6794445514678955,0.3061715364456177,0.47341278195381165,0.28436800837516785,0.5529797077178955,0.3141178786754608,0.5140020251274109,0.2861616611480713,0.3694365620613098,0.22986336052417755,0.36817467212677,0.3091876208782196,0.321790874004364,0.2126951366662979,0.49166029691696167,0.3136211037635803,0.3428930938243866,0.22700117528438568,0.3327332139015198,0.21846339106559753
./processed_music/classic_mozart_2.wav,1.021413729566695,0.014604405499994755,-1.6362346286769025e-05,0.03261600062251091,53262,0.060475451363144514,0.2383656249243343,836.0089549913615,116.52380170064309,1445.1206630638073,242.61382167025988,-373.93792724609375,43.53684616088867,196.61276245117188,16.938316345214844,-21.143047332763672,19.549522399902344,-0.28302550315856934,10.901040077209473,9.054654121398926,8.73916244506836,-11.083154678344727,7.507396697998047,-10.89512825012207,7.113173007965088,-13.524518966674805,9.853434562683105,-6.425467014312744,8.347404479980469,-2.913398504257202,7.627265453338623,-4.261241436004639,11.255315780639648,-0.511417031288147,11.424578666687012,1.4674140214920044,10.723390579223633,0.9105923175811768,11.114337921142578,0.7891842126846313,13.74636173248291,0.5510932207107544,14.24066162109375,0.3929234743118286,11.509593963623047,-0.837096095085144,10.99959659576416,-6.522565841674805,12.526050567626953,-5.907423973083496,12.003361701965332,760.8493109025534,1103.0945234403514,1512.2374802654165,112.88849880994108,147.83727657254212,184.1391149363279,0.42935338616371155,0.41863781213760376,0.16339510679244995,0.1636064052581787,0.23208999633789062,0.3426230549812317,0.0923042893409729,0.09077337384223938,0.2176501601934433,0.2774827778339386,0.24750764667987823,0.3158966600894928,0.0993809625506401,0.11105754971504211,0.21292714774608612,0.3249015212059021,0.10383471101522446,0.1156107634305954,0.2521475851535797,0.3229626417160034,0.24629047513008118,0.31306788325309753,0.22492985427379608,0.23254187405109406
./processed_music/classic_mozart_1.wav,0.9820009477439626,0.011594436131417751,-1.75163040694315e-05,0.032642681151628494,57772,0.06534754482944281,0.2471381055487129,873.3719552731222,150.1397801036944,1437.5065170137884,282.3327317789714,-380.6514892578125,43.41644287109375,192.02560424804688,17.084131240844727,-20.262359619140625,21.9475040435791,-7.093194007873535,11.963984489440918,2.9547595977783203,11.4871187210083,-10.592516899108887,10.122320175170898,-9.627827644348145,11.2625732421875,-11.826931953430176,12.625410079956055,-3.5139834880828857,11.947431564331055,-0.4020833373069763,11.156564712524414,-2.968371629714966,12.802536010742188,-0.7277972102165222,12.09061336517334,0.6335586309432983,11.042497634887695,2.1866495609283447,11.360451698303223,2.241589069366455,12.961311340332031,-0.6818315982818604,11.098226547241211,-2.372523307800293,9.083995819091797,-3.1483922004699707,8.401193618774414,-5.95958948135376,10.101725578308105,-4.7765278816223145,10.79222583770752,766.0917647212735,1134.2209000005316,1567.9672487176417,132.82124020798102,189.36171819062227,239.30834239784173,0.3825647234916687,0.404075026512146,0.13478614389896393,0.11452101171016693,0.2782912850379944,0.36008521914482117,0.20399270951747894,0.2990315854549408,0.16314885020256042,0.23490943014621735,0.18396760523319244,0.27520090341567993,0.09052684903144836,0.11788614839315414,0.24463431537151337,0.3565842807292938,0.08357923477888107,0.09918838739395142,0.211191788315773,0.29814594984054565,0.28676071763038635,0.36950305104255676,0.1886625587940216,0.1911642700433731
./processed_music/classic_mozart_5.wav,1.5634156672906183,0.007295544724911451,-1.4671407370769884e-05,0.030587095767259598,56644,0.06427644180578629,0.24524473660931778,848.804223244556,173.429062972057,1343.0491377667684,248.28225149369501,-399.18756103515625,46.626190185546875,190.06423950195312,18.251041412353516,-15.737861633300781,27.475496292114258,-8.969887733459473,12.219613075256348,4.604098320007324,11.399787902832031,-9.85806655883789,10.634166717529297,-10.154145240783691,13.500112533569336,-11.534860610961914,12.618416786193848,-6.327634811401367,11.277448654174805,-3.1143951416015625,11.478338241577148,-0.5237943530082703,14.190597534179688,4.508938312530518,13.715874671936035,4.552639484405518,11.834064483642578,2.3256216049194336,12.100940704345703,-0.4612185060977936,12.439592361450195,-2.8404130935668945,10.98460865020752,-2.5468790531158447,9.850017547607422,-0.4007109999656677,7.8436665534973145,-2.802229881286621,10.681036949157715,-5.921799659729004,11.792760848999023,723.8809618887866,1086.9809496752512,1526.213627642901,107.58670426168688,153.74340559250606,215.7281884348047,0.24690061807632446,0.347121924161911,0.1671048402786255,0.1956346184015274,0.3829771876335144,0.3821266293525696,0.3525668978691101,0.3761104643344879,0.12367937713861465,0.15109647810459137,0.1765841394662857,0.27982479333877563,0.0975082591176033,0.1469913274049759,0.13117744028568268,0.25795644521713257,0.0554356575012207,0.07416608929634094,0.1847171187400818,0.27709996700286865,0.2553422152996063,0.3693818151950836,0.11025069653987885,0.12597553431987762
./processed_music/rock_beatles_10.wav,1.0894854443090605,-0.01981331594288349,1.1056400580855552e-05,0.16030153632164001,82662,0.0936765867462056,0.2913782487451426,2059.107211227273,885.2489703802672,4319.0746758764135,2150.358266204642,-97.98707580566406,66.89778137207031,115.20388793945312,42.17792892456055,-7.443487167358398,29.425052642822266,24.29419708251953,12.211751937866211,9.920907974243164,13.040496826171875,8.924786567687988,9.693551063537598,-3.525365114212036,7.547978401184082,8.51948070526123,9.224154472351074,-6.678858757019043,7.33306884765625,5.090874671936035,7.554003715515137,-5.866672039031982,6.348214149475098,5.479131698608398,6.4883294105529785,-2.265279769897461,5.210278034210205,3.1025705337524414,6.088800430297852,-6.298918724060059,6.135347843170166,-0.9168014526367188,7.880670547485352,-9.260610580444336,6.263321399688721,-2.355670690536499,8.535387992858887,-4.841027736663818,6.447648525238037,3.806948184967041,7.054407596588135,2241.934565187091,2793.0331378478672,3308.1922238147326,682.2816946375866,613.5796261614594,538.96843335099,0.6076135039329529,0.3535763919353485,0.35889706015586853,0.2208745777606964,0.36519655585289,0.30008330941200256,0.2858113944530487,0.2193596512079239,0.42975661158561707,0.3155497610569,0.3669193685054779,0.29498958587646484,0.2998112738132477,0.2226848602294922,0.46917787194252014,0.3218308389186859,0.29488620162010193,0.21500863134860992,0.2676270604133606,0.258480042219162,0.2153913974761963,0.2037689983844757,0.3538336455821991,0.26007261872291565
./processed_music/classic_mozart_4.wav,1.417976730766144,0.010581978596746922,-1.6421172404079698e-05,0.036015741527080536,53626,0.06070024992755723,0.23877966744739668,799.2716968503659,142.2724186588067,1288.7360078849217,264.4962986349711,-378.0024719238281,46.6812629699707,203.27845764160156,16.87399673461914,-15.29100513458252,25.349620819091797,-8.153779029846191,12.086999893188477,5.025355339050293,9.749788284301758,-7.932663440704346,9.396553993225098,-8.545461654663086,10.136344909667969,-10.494369506835938,12.385092735290527,-4.723923683166504,10.895613670349121,-4.218180179595947,10.81961727142334,-4.877219200134277,11.033063888549805,0.515869140625,11.811745643615723,-1.348893404006958,11.709452629089355,-4.3676958084106445,10.496014595031738,-4.496260166168213,10.05572509765625,-5.576351165771484,9.240086555480957,-5.349282264709473,9.411375999450684,-3.4105329513549805,8.114419937133789,-4.185770034790039,11.0028657913208,-2.9597854614257812,10.594416618347168,717.2327695708335,1080.2389163692962,1517.969550981006,148.1723017550728,212.3020053509851,270.4350567454499,0.3069947361946106,0.36114275455474854,0.17077572643756866,0.18146803975105286,0.33126208186149597,0.35810112953186035,0.30241626501083374,0.3516702353954315,0.19955864548683167,0.2480984330177307,0.23213155567646027,0.3215098977088928,0.14296072721481323,0.17779581248760223,0.2114957571029663,0.3042735755443573,0.11622221767902374,0.16819645464420319,0.18795199692249298,0.28383806347846985,0.18718522787094116,0.28410500288009644,0.17936520278453827,0.23271696269512177
./processed_music/classic_mozart_6.wav,1.4864929540874714,0.10830303281545639,-1.4642511814599857e-05,0.03251505270600319,49308,0.05592429102226174,0.22977546582679173,793.506865063443,118.8957731200469,1378.6623927651624,231.7707883520986,-382.5423278808594,48.929237365722656,199.1125030517578,18.55213165283203,-16.00405502319336,21.417724609375,1.6751892566680908,11.893141746520996,8.98852252960205,10.082703590393066,-9.56825065612793,8.51198959350586,-11.273015975952148,8.146604537963867,-14.901936531066895,11.057572364807129,-6.52851676940918,8.56850814819336,-4.811306476593018,9.001588821411133,-3.1825408935546875,11.035791397094727,2.851773738861084,10.704859733581543,0.17043335735797882,10.603581428527832,-2.5537075996398926,10.89431381225586,-2.9735755920410156,11.023527145385742,-3.8975839614868164,12.353023529052734,-2.8241655826568604,11.143204689025879,-0.8993205428123474,8.535500526428223,-2.5340819358825684,10.778797149658203,-3.120842218399048,12.167298316955566,742.9955330686078,1092.6817093746606,1510.104892595494,106.87211247877777,141.9732604754714,182.22296640109192,0.27085596323013306,0.35836562514305115,0.1524425446987152,0.1686352789402008,0.3175797462463379,0.3350030481815338,0.299893319606781,0.3442921042442322,0.21800003945827484,0.23825760185718536,0.2894398272037506,0.33493655920028687,0.12171350419521332,0.1586792767047882,0.20632228255271912,0.3074796795845032,0.14873674511909485,0.23450662195682526,0.23413078486919403,0.2983644902706146,0.2705399692058563,0.3487551212310791,0.14373306930065155,0.14170150458812714
